result_no	generate_no	e_no	frame_type	i_no	
2	1	1	1	1
2	1	1	1	2
2	1	1	2	3
2	1	1	2	4
2	1	1	2	5
2	1	1	2	6
2	1	1	2	1	3
2	1	2	1	1
2	1	2	1	14
2	1	2	1	9
2	1	2	1	2
2	1	2	1	-1
2	1	2	2	3
2	1	2	2	4
2	1	2	2	7
2	1	2	2	6
2	1	2	2	11
2	1	2	2	13
2	1	2	5	3	3
2	1	3	1	1
2	1	3	1	2
2	1	3	1	7
2	1	3	1	8
2	1	3	1	12
2	1	3	1	13
2	1	3	2	3
2	1	3	2	4
2	1	3	2	5
2	1	3	2	6
2	1	3	2	11
2	1	3	2	14
2	1	3	6	1	5
2	1	4	1	1
2	1	4	1	2
2	1	4	2	5
2	1	4	2	9
2	1	4	2	7
2	1	4	2	12
2	1	4	2	13
2	1	4	2	14
2	1	4	2	6	0
2	1	5	1	1
2	1	5	1	2
2	1	5	1	7
2	1	5	1	11
2	1	5	1	13
2	1	5	1	14
2	1	5	2	3
2	1	5	2	4
2	1	5	2	5
2	1	5	2	6
2	1	5	2	8
2	1	5	2	12
2	1	5	5	2	5
2	1	6	1	1
2	1	6	1	2
2	1	6	2	3
2	1	6	2	4
2	1	6	2	5
2	1	6	2	6
2	1	6	2	3	1
2	1	7	1	1
2	1	7	1	2
2	1	7	2	3
2	1	7	2	14
2	1	7	2	7
2	1	7	2	6
2	1	7	2	12
2	1	7	2	9
2	1	7	2	3	3
2	1	8	1	1
2	1	8	1	2
2	1	8	1	13
2	1	8	1	14
2	1	8	2	7
2	1	8	2	9
2	1	8	2	5
2	1	8	2	12
2	1	8	2	4
2	1	8	2	3
2	1	8	4	5	1
2	1	9	1	1
2	1	9	1	2
2	1	9	1	5
2	1	9	1	12
2	1	9	1	13
2	1	9	2	3
2	1	9	2	4
2	1	9	2	7
2	1	9	2	6
2	1	9	2	8
2	1	9	2	14
2	1	9	4	3	4
2	1	10	1	1
2	1	10	1	2
2	1	10	2	3
2	1	10	2	4
2	1	10	2	5
2	1	10	2	6
2	1	10	2	3	1
2	1	11	1	1
2	1	11	1	2
2	1	11	1	4
2	1	11	1	5
2	1	11	1	7
2	1	11	1	11
2	1	11	2	8
2	1	11	2	6
2	1	11	2	13
2	1	11	2	3
2	1	11	2	12
2	1	11	2	14
2	1	11	3	5	4
2	1	12	1	1
2	1	12	1	2
2	1	12	1	10
2	1	12	1	5
2	1	12	1	12
2	1	12	2	13
2	1	12	2	9
2	1	12	2	3
2	1	12	2	6
2	1	12	2	7
2	1	12	2	4
2	1	12	4	3	4
2	1	13	1	3
2	1	13	1	13
2	1	13	1	14
2	1	13	1	5
2	1	13	1	1
2	1	13	1	2
2	1	13	2	4
2	1	13	2	6
2	1	13	2	7
2	1	13	2	8
2	1	13	2	11
2	1	13	2	12
2	1	13	3	3	6
2	1	14	1	12
2	1	14	1	13
2	1	14	1	14
2	1	14	1	1
2	1	14	1	2
2	1	14	1	11
2	1	14	2	3
2	1	14	2	4
2	1	14	2	5
2	1	14	2	6
2	1	14	2	7
2	1	14	2	8
2	1	14	5	5	2
2	1	15	1	1
2	1	15	1	2
2	1	15	1	7
2	1	15	1	8
2	1	15	1	12
2	1	15	1	13
2	1	15	2	3
2	1	15	2	4
2	1	15	2	5
2	1	15	2	6
2	1	15	2	-1
2	1	15	6	1	4
2	1	16	1	1
2	1	16	1	2
2	1	16	1	7
2	1	16	1	12
2	1	16	1	8
2	1	16	2	3
2	1	16	2	4
2	1	16	2	5
2	1	16	2	6
2	1	16	2	-1
2	1	16	2	14
2	1	16	5	1	5
2	1	17	1	1
2	1	17	1	2
2	1	17	2	3
2	1	17	2	4
2	1	17	2	5
2	1	17	2	6
2	1	17	2	1	3
2	1	18	1	1
2	1	18	1	2
2	1	18	1	8
2	1	18	1	7
2	1	18	1	12
2	1	18	1	9
2	1	18	2	3
2	1	18	2	4
2	1	18	2	5
2	1	18	2	6
2	1	18	2	11
2	1	18	2	10
2	1	18	6	1	5
2	1	19	1	1
2	1	19	1	2
2	1	19	1	8
2	1	19	1	12
2	1	19	1	14
2	1	19	1	7
2	1	19	2	3
2	1	19	2	4
2	1	19	2	5
2	1	19	2	6
2	1	19	2	13
2	1	19	2	11
2	1	19	6	1	5
2	1	20	1	1
2	1	20	1	2
2	1	20	1	13
2	1	20	1	14
2	1	20	1	5
2	1	20	2	3
2	1	20	2	4
2	1	20	2	7
2	1	20	2	6
2	1	20	2	10
2	1	20	2	12
2	1	20	4	4	3
2	1	21	1	1
2	1	21	1	2
2	1	21	1	5
2	1	21	1	4
2	1	21	1	13
2	1	21	2	3
2	1	21	2	9
2	1	21	2	12
2	1	21	2	6
2	1	21	2	7
2	1	21	2	11
2	1	21	3	3	5
2	1	22	1	1
2	1	22	1	2
2	1	22	1	7
2	1	22	1	8
2	1	22	1	13
2	1	22	1	14
2	1	22	2	3
2	1	22	2	4
2	1	22	2	5
2	1	22	2	6
2	1	22	2	11
2	1	22	2	12
2	1	22	6	3	3
2	1	23	1	1
2	1	23	1	2
2	1	23	1	12
2	1	23	1	13
2	1	23	1	-1
2	1	23	1	8
2	1	23	2	3
2	1	23	2	4
2	1	23	2	5
2	1	23	2	6
2	1	23	2	7
2	1	23	2	11
2	1	23	6	1	5
2	1	24	1	1
2	1	24	1	2
2	1	24	1	-1
2	1	24	1	13
2	1	24	2	14
2	1	24	2	4
2	1	24	2	5
2	1	24	2	6
2	1	24	2	7
2	1	24	2	8
2	1	24	4	3	3
2	1	25	1	1
2	1	25	1	2
2	1	25	2	3
2	1	25	2	4
2	1	25	2	5
2	1	25	2	6
2	1	25	2	3	1
2	1	26	1	1
2	1	26	1	2
2	1	26	2	3
2	1	26	2	4
2	1	26	2	5
2	1	26	2	6
2	1	26	2	1	3
2	1	27	1	-1
2	1	27	1	2
2	1	27	1	8
2	1	27	1	1
2	1	27	1	13
2	1	27	1	-1
2	1	27	2	3
2	1	27	2	4
2	1	27	2	5
2	1	27	2	6
2	1	27	2	7
2	1	27	2	11
2	1	27	6	3	3
2	1	28	1	1
2	1	28	1	2
2	1	28	1	12
2	1	28	1	4
2	1	28	1	14
2	1	28	2	13
2	1	28	2	8
2	1	28	2	5
2	1	28	2	6
2	1	28	2	7
2	1	28	2	11
2	1	28	4	5	2
2	1	29	1	1
2	1	29	1	2
2	1	29	1	13
2	1	29	1	7
2	1	29	1	12
2	1	29	1	14
2	1	29	2	4
2	1	29	2	11
2	1	29	2	5
2	1	29	2	3
2	1	29	2	6
2	1	29	2	8
2	1	29	6	4	2
2	1	30	0	0	0
2	1	31	1	1
2	1	31	1	2
2	1	31	2	3
2	1	31	2	4
2	1	31	2	5
2	1	31	2	6
2	1	31	2	1	3
2	1	32	1	1
2	1	32	1	2
2	1	32	1	9
2	1	32	1	12
2	1	32	1	11
2	1	32	1	13
2	1	32	2	7
2	1	32	2	4
2	1	32	2	5
2	1	32	2	6
2	1	32	2	14
2	1	32	2	3
2	1	32	5	5	2
2	1	33	1	1
2	1	33	1	14
2	1	33	1	15
2	1	33	1	4
2	1	33	1	5
2	1	33	2	8
2	1	33	2	11
2	1	33	2	7
2	1	33	2	6
2	1	33	2	13
2	1	33	2	12
2	1	33	3	0	8
2	1	34	1	1
2	1	34	1	2
2	1	34	1	12
2	1	34	1	13
2	1	34	1	14
2	1	34	1	7
2	1	34	2	3
2	1	34	2	4
2	1	34	2	5
2	1	34	2	6
2	1	34	2	11
2	1	34	2	8
2	1	34	6	1	5
2	1	35	1	1
2	1	35	1	2
2	1	35	1	7
2	1	35	1	14
2	1	35	1	9
2	1	35	2	3
2	1	35	2	4
2	1	35	2	5
2	1	35	2	6
2	1	35	2	12
2	1	35	2	13
2	1	35	6	1	4
2	1	36	1	1
2	1	36	1	2
2	1	36	1	7
2	1	36	1	3
2	1	36	1	12
2	1	36	1	-1
2	1	36	2	14
2	1	36	2	4
2	1	36	2	5
2	1	36	2	6
2	1	36	2	8
2	1	36	2	11
2	1	36	5	1	6
2	1	37	1	1
2	1	37	1	2
2	1	37	2	11
2	1	37	2	3
2	1	37	2	5
2	1	37	2	6
2	1	37	2	4
2	1	37	2	7
2	1	37	2	2	4
2	1	38	1	1
2	1	38	1	2
2	1	38	1	7
2	1	38	1	12
2	1	38	2	3
2	1	38	2	4
2	1	38	2	5
2	1	38	2	6
2	1	38	2	11
2	1	38	2	14
2	1	38	2	5	3
2	1	39	1	1
2	1	39	1	2
2	1	39	2	3
2	1	39	2	4
2	1	39	2	5
2	1	39	2	6
2	1	39	2	9
2	1	39	2	2	3
2	1	40	1	1
2	1	40	1	2
2	1	40	1	7
2	1	40	1	12
2	1	40	1	5
2	1	40	2	3
2	1	40	2	6
2	1	40	2	4
2	1	40	2	8
2	1	40	2	11
2	1	40	2	13
2	1	40	4	2	5
2	1	41	1	1
2	1	41	1	2
2	1	41	1	7
2	1	41	2	3
2	1	41	2	4
2	1	41	2	5
2	1	41	2	6
2	1	41	3	1	3
2	1	42	1	3
2	1	42	1	12
2	1	42	1	7
2	1	42	1	1
2	1	42	1	2
2	1	42	2	6
2	1	42	2	4
2	1	42	2	5
2	1	42	2	14
2	1	42	2	13
2	1	42	2	11
2	1	42	4	1	6
2	1	43	1	1
2	1	43	1	2
2	1	43	1	11
2	1	43	1	5
2	1	43	1	7
2	1	43	1	8
2	1	43	2	3
2	1	43	2	4
2	1	43	2	14
2	1	43	2	6
2	1	43	2	12
2	1	43	2	13
2	1	43	2	8	2
2	1	44	1	1
2	1	44	1	2
2	1	44	1	7
2	1	44	1	8
2	1	44	1	12
2	1	44	1	14
2	1	44	2	3
2	1	44	2	4
2	1	44	2	5
2	1	44	2	6
2	1	44	2	11
2	1	44	2	13
2	1	44	6	3	3
2	1	45	1	7
2	1	45	1	3
2	1	45	1	11
2	1	45	1	4
2	1	45	1	5
2	1	45	1	6
2	1	45	2	2
2	1	45	2	12
2	1	45	2	13
2	1	45	2	14
2	1	45	2	1
2	1	45	2	8
2	1	45	5	3	4
2	1	46	1	1
2	1	46	1	2
2	1	46	1	6
2	1	46	1	12
2	1	46	1	13
2	1	46	1	14
2	1	46	2	3
2	1	46	2	4
2	1	46	2	5
2	1	46	2	7
2	1	46	2	8
2	1	46	2	11
2	1	46	3	5	4
2	1	47	1	1
2	1	47	1	2
2	1	47	1	4
2	1	47	1	5
2	1	47	2	3
2	1	47	2	12
2	1	47	2	13
2	1	47	2	6
2	1	47	2	7
2	1	47	2	8
2	1	47	2	6	2
2	1	48	1	1
2	1	48	1	2
2	1	48	2	3
2	1	48	2	4
2	1	48	2	5
2	1	48	2	6
2	1	48	2	1	3
2	1	49	1	1
2	1	49	1	2
2	1	49	1	6
2	1	49	2	7
2	1	49	2	4
2	1	49	2	5
2	1	49	2	3
2	1	49	2	11
2	1	49	3	3	2
2	1	50	1	1
2	1	50	1	2
2	1	50	1	8
2	1	50	1	11
2	1	50	1	12
2	1	50	1	14
2	1	50	2	3
2	1	50	2	4
2	1	50	2	5
2	1	50	2	6
2	1	50	2	7
2	1	50	4	3	4
2	1	51	1	1
2	1	51	1	2
2	1	51	1	12
2	1	51	1	13
2	1	51	1	14
2	1	51	1	9
2	1	51	2	3
2	1	51	2	4
2	1	51	2	5
2	1	51	2	6
2	1	51	2	7
2	1	51	2	11
2	1	51	6	2	4
2	1	52	1	1
2	1	52	1	2
2	1	52	1	-1
2	1	52	1	-1
2	1	52	2	3
2	1	52	2	4
2	1	52	2	5
2	1	52	2	6
2	1	52	2	11
2	1	52	2	8
2	1	52	4	2	4
2	1	53	1	1
2	1	53	1	2
2	1	53	1	7
2	1	53	1	12
2	1	53	1	13
2	1	53	1	14
2	1	53	2	3
2	1	53	2	4
2	1	53	2	5
2	1	53	2	6
2	1	53	2	11
2	1	53	2	8
2	1	53	5	3	4
2	1	54	1	1
2	1	54	1	2
2	1	54	1	3
2	1	54	1	6
2	1	54	1	11
2	1	54	1	14
2	1	54	2	5
2	1	54	2	4
2	1	54	2	8
2	1	54	2	12
2	1	54	2	13
2	1	54	2	7
2	1	54	3	4	5
2	1	55	1	1
2	1	55	1	2
2	1	55	1	8
2	1	55	1	12
2	1	55	1	13
2	1	55	1	14
2	1	55	2	3
2	1	55	2	4
2	1	55	2	5
2	1	55	2	6
2	1	55	2	7
2	1	55	2	11
2	1	55	4	3	5
2	1	56	1	1
2	1	56	1	2
2	1	56	1	7
2	1	56	1	9
2	1	56	1	12
2	1	56	1	13
2	1	56	2	4
2	1	56	2	5
2	1	56	2	6
2	1	56	2	11
2	1	56	2	3
2	1	56	2	14
2	1	56	6	1	5
2	1	57	1	1
2	1	57	1	7
2	1	57	1	12
2	1	57	1	14
2	1	57	2	3
2	1	57	2	4
2	1	57	2	5
2	1	57	2	6
2	1	57	2	8
2	1	57	2	13
2	1	57	4	2	4
2	1	58	1	1
2	1	58	1	2
2	1	58	1	14
2	1	58	1	4
2	1	58	1	5
2	1	58	2	3
2	1	58	2	8
2	1	58	2	7
2	1	58	2	6
2	1	58	2	12
2	1	58	2	13
2	1	58	3	3	5
2	1	59	1	1
2	1	59	1	2
2	1	59	1	11
2	1	59	1	12
2	1	59	1	3
2	1	59	2	4
2	1	59	2	9
2	1	59	2	5
2	1	59	2	7
2	1	59	2	6
2	1	59	2	2	6
2	1	60	1	9
2	1	60	1	1
2	1	60	1	2
2	1	60	1	13
2	1	60	1	14
2	1	60	2	3
2	1	60	2	4
2	1	60	2	5
2	1	60	2	6
2	1	60	2	7
2	1	60	2	12
2	1	60	5	4	2
2	1	61	1	11
2	1	61	1	7
2	1	61	1	13
2	1	61	1	14
2	1	61	2	1
2	1	61	2	4
2	1	61	2	5
2	1	61	2	6
2	1	61	2	2
2	1	61	2	12
2	1	61	5	4	1
2	1	62	1	1
2	1	62	1	2
2	1	62	1	7
2	1	62	1	13
2	1	62	1	4
2	1	62	1	5
2	1	62	2	9
2	1	62	2	14
2	1	62	2	3
2	1	62	2	6
2	1	62	2	11
2	1	62	2	12
2	1	62	4	6	2
2	1	63	1	1
2	1	63	1	2
2	1	63	1	7
2	1	63	1	14
2	1	63	1	9
2	1	63	1	11
2	1	63	2	3
2	1	63	2	4
2	1	63	2	5
2	1	63	2	6
2	1	63	2	-1
2	1	63	2	13
2	1	63	5	4	3
2	1	64	1	1
2	1	64	1	2
2	1	64	1	12
2	1	64	1	13
2	1	64	1	7
2	1	64	2	3
2	1	64	2	4
2	1	64	2	5
2	1	64	2	6
2	1	64	2	9
2	1	64	2	14
2	1	64	5	2	4
2	1	65	1	1
2	1	65	1	7
2	1	65	1	11
2	1	65	1	2
2	1	65	1	-1
2	1	65	1	4
2	1	65	2	9
2	1	65	2	3
2	1	65	2	-1
2	1	65	2	-1
2	1	65	2	6
2	1	65	4	4	3
2	1	66	1	1
2	1	66	1	2
2	1	66	2	3
2	1	66	2	4
2	1	66	2	5
2	1	66	2	9
2	1	66	2	7
2	1	66	2	11
2	1	66	2	2	4
2	1	67	1	1
2	1	67	1	2
2	1	67	1	13
2	1	67	1	12
2	1	67	2	7
2	1	67	2	3
2	1	67	2	14
2	1	67	2	6
2	1	67	2	8
2	1	67	2	11
2	1	67	4	4	2
2	1	68	1	1
2	1	68	1	2
2	1	68	1	7
2	1	68	1	12
2	1	68	1	13
2	1	68	1	14
2	1	68	2	3
2	1	68	2	4
2	1	68	2	5
2	1	68	2	6
2	1	68	2	9
2	1	68	2	11
2	1	68	4	6	2
2	1	69	1	1
2	1	69	1	2
2	1	69	1	13
2	1	69	1	6
2	1	69	1	12
2	1	69	2	3
2	1	69	2	4
2	1	69	2	5
2	1	69	2	9
2	1	69	2	7
2	1	69	2	14
2	1	69	4	2	5
2	1	70	1	1
2	1	70	1	2
2	1	70	1	7
2	1	70	1	12
2	1	70	1	13
2	1	70	2	3
2	1	70	2	4
2	1	70	2	5
2	1	70	2	6
2	1	70	2	8
2	1	70	2	14
2	1	70	5	2	4
2	1	71	1	1
2	1	71	1	2
2	1	71	1	13
2	1	71	1	14
2	1	71	1	10
2	1	71	1	15
2	1	71	2	11
2	1	71	2	4
2	1	71	2	5
2	1	71	2	6
2	1	71	2	3
2	1	71	2	7
2	1	71	6	4	2
2	1	72	1	1
2	1	72	1	2
2	1	72	1	3
2	1	72	1	6
2	1	72	1	4
2	1	72	1	5
2	1	72	2	12
2	1	72	2	13
2	1	72	2	14
2	1	72	2	11
2	1	72	2	8
2	1	72	2	7
2	1	72	3	3	6
2	1	73	1	1
2	1	73	1	2
2	1	73	1	12
2	1	73	1	13
2	1	73	1	14
2	1	73	1	9
2	1	73	2	3
2	1	73	2	4
2	1	73	2	5
2	1	73	2	6
2	1	73	2	11
2	1	73	2	7
2	1	73	2	3	7
2	1	74	1	1
2	1	74	1	2
2	1	74	2	3
2	1	74	2	4
2	1	74	2	5
2	1	74	2	6
2	1	74	2	3	1
2	1	75	1	1
2	1	75	1	2
2	1	75	2	3
2	1	75	2	4
2	1	75	2	5
2	1	75	2	6
2	1	75	2	1	3
2	1	76	1	1
2	1	76	1	2
2	1	76	2	12
2	1	76	2	3
2	1	76	2	5
2	1	76	2	6
2	1	76	2	7
2	1	76	2	9
2	1	76	2	3	3
2	1	77	1	1
2	1	77	1	2
2	1	77	1	7
2	1	77	1	13
2	1	77	1	14
2	1	77	2	3
2	1	77	2	4
2	1	77	2	5
2	1	77	2	6
2	1	77	2	11
2	1	77	2	10
2	1	77	6	3	2
2	1	78	1	1
2	1	78	1	2
2	1	78	2	3
2	1	78	2	4
2	1	78	2	5
2	1	78	2	6
2	1	78	2	8
2	1	78	2	7
2	1	78	3	4	1
2	1	79	1	1
2	1	79	1	2
2	1	79	1	14
2	1	79	1	13
2	1	79	2	3
2	1	79	2	4
2	1	79	2	5
2	1	79	2	7
2	1	79	2	9
2	1	79	2	12
2	1	79	4	4	2
2	1	80	1	1
2	1	80	1	2
2	1	80	1	13
2	1	80	1	14
2	1	80	1	12
2	1	80	1	4
2	1	80	2	3
2	1	80	2	11
2	1	80	2	5
2	1	80	2	6
2	1	80	2	7
2	1	80	2	9
2	1	80	5	5	2
2	1	81	1	4
2	1	81	1	5
2	1	81	1	6
2	1	81	2	9
2	1	81	2	12
2	1	81	2	13
2	1	81	2	14
2	1	81	2	3
2	1	81	2	11
2	1	81	0	5	4
2	1	82	1	1
2	1	82	1	2
2	1	82	1	7
2	1	82	1	14
2	1	82	2	3
2	1	82	2	4
2	1	82	2	5
2	1	82	2	6
2	1	82	2	11
2	1	82	2	12
2	1	82	4	1	5
2	1	83	1	2
2	1	83	1	14
2	1	83	1	13
2	1	83	2	3
2	1	83	2	1
2	1	83	2	5
2	1	83	2	6
2	1	83	2	11
2	1	83	2	12
2	1	83	3	4	2
2	1	84	1	1
2	1	84	1	2
2	1	84	1	9
2	1	84	1	11
2	1	84	1	-1
2	1	84	1	-1
2	1	84	2	3
2	1	84	2	7
2	1	84	2	6
2	1	84	2	12
2	1	84	2	4
2	1	84	2	5
2	1	84	5	3	4
2	1	85	1	1
2	1	85	1	2
2	1	85	1	7
2	1	85	1	8
2	1	85	1	13
2	1	85	2	3
2	1	85	2	4
2	1	85	2	5
2	1	85	2	6
2	1	85	2	11
2	1	85	2	14
2	1	85	5	4	2
2	1	86	1	1
2	1	86	1	2
2	1	86	1	8
2	1	86	1	13
2	1	86	1	-1
2	1	86	1	3
2	1	86	2	7
2	1	86	2	4
2	1	86	2	5
2	1	86	2	6
2	1	86	2	11
2	1	86	2	12
2	1	86	5	2	5
2	1	87	1	1
2	1	87	1	2
2	1	87	1	12
2	1	87	1	11
2	1	87	1	14
2	1	87	1	5
2	1	87	2	3
2	1	87	2	4
2	1	87	2	7
2	1	87	2	6
2	1	87	2	13
2	1	87	2	8
2	1	87	4	4	4
2	1	88	1	1
2	1	88	1	2
2	1	88	1	12
2	1	88	1	13
2	1	88	2	11
2	1	88	2	4
2	1	88	2	5
2	1	88	2	6
2	1	88	2	7
2	1	88	2	9
2	1	88	4	0	6
2	1	89	1	1
2	1	89	1	2
2	1	89	1	-1
2	1	89	1	8
2	1	89	1	-1
2	1	89	1	11
2	1	89	2	3
2	1	89	2	4
2	1	89	2	5
2	1	89	2	6
2	1	89	2	-1
2	1	89	2	7
2	1	89	5	5	2
2	1	90	1	1
2	1	90	1	2
2	1	90	1	8
2	1	90	1	3
2	1	90	1	-1
2	1	90	2	4
2	1	90	2	5
2	1	90	2	6
2	1	90	2	7
2	1	90	2	-1
2	1	90	4	1	5
2	1	91	2	3
2	1	91	2	4
2	1	91	2	5
2	1	91	2	6
2	1	91	2	7
2	1	91	2	8
2	1	91	0	3	3
2	1	92	1	1
2	1	92	1	2
2	1	92	1	3
2	1	92	1	12
2	1	92	1	13
2	1	92	1	14
2	1	92	2	7
2	1	92	2	4
2	1	92	2	5
2	1	92	2	6
2	1	92	2	9
2	1	92	2	11
2	1	92	5	1	6
2	1	93	1	1
2	1	93	1	2
2	1	93	1	8
2	1	93	1	13
2	1	93	1	14
2	1	93	1	15
2	1	93	2	4
2	1	93	2	5
2	1	93	2	6
2	1	93	2	3
2	1	93	2	7
2	1	93	2	11
2	1	93	6	3	3
2	1	94	1	1
2	1	94	1	2
2	1	94	2	3
2	1	94	2	4
2	1	94	2	6
2	1	94	2	2	1
2	1	95	1	1
2	1	95	1	2
2	1	95	1	9
2	1	95	1	5
2	1	95	1	12
2	1	95	1	13
2	1	95	2	7
2	1	95	2	3
2	1	95	2	4
2	1	95	2	11
2	1	95	2	6
2	1	95	5	2	4
2	1	96	1	1
2	1	96	1	2
2	1	96	1	12
2	1	96	1	13
2	1	96	1	14
2	1	96	1	9
2	1	96	2	3
2	1	96	2	4
2	1	96	2	5
2	1	96	2	6
2	1	96	2	7
2	1	96	2	-1
2	1	96	5	2	5
2	1	97	1	1
2	1	97	1	2
2	1	97	1	8
2	1	97	1	12
2	1	97	1	13
2	1	97	1	14
2	1	97	2	3
2	1	97	2	4
2	1	97	2	5
2	1	97	2	6
2	1	97	2	7
2	1	97	2	11
2	1	97	6	4	2
2	1	98	1	1
2	1	98	1	2
2	1	98	1	11
2	1	98	2	7
2	1	98	2	4
2	1	98	2	5
2	1	98	2	6
2	1	98	2	3
2	1	98	2	2	4
2	1	99	1	1
2	1	99	1	2
2	1	99	2	3
2	1	99	2	4
2	1	99	2	5
2	1	99	2	6
2	1	99	2	1	3
2	1	100	1	1
2	1	100	1	2
2	1	100	2	3
2	1	100	2	4
2	1	100	2	5
2	1	100	2	6
2	1	100	2	3	1
2	1	101	1	1
2	1	101	1	2
2	1	101	2	3
2	1	101	2	4
2	1	101	2	5
2	1	101	2	6
2	1	101	2	7
2	1	101	2	-1
2	1	101	3	1	4
2	1	102	1	1
2	1	102	1	2
2	1	102	1	7
2	1	102	1	9
2	1	102	2	4
2	1	102	2	5
2	1	102	2	6
2	1	102	2	11
2	1	102	2	-1
2	1	102	2	-1
2	1	102	4	0	6
2	1	103	1	2
2	1	103	1	14
2	1	103	2	5
2	1	103	2	6
2	1	103	2	7
2	1	103	2	11
2	1	103	2	12
2	1	103	2	13
2	1	103	2	0	6
2	1	104	1	1
2	1	104	1	2
2	1	104	1	8
2	1	104	1	7
2	1	104	1	11
2	1	104	2	3
2	1	104	2	4
2	1	104	2	5
2	1	104	2	6
2	1	104	2	12
2	1	104	2	-1
2	1	104	4	2	5
2	1	105	1	1
2	1	105	1	2
2	1	105	1	7
2	1	105	1	13
2	1	105	1	8
2	1	105	2	11
2	1	105	2	4
2	1	105	2	5
2	1	105	2	6
2	1	105	2	12
2	1	105	2	3
2	1	105	5	0	6
2	1	106	1	1
2	1	106	1	2
2	1	106	1	7
2	1	106	2	3
2	1	106	2	4
2	1	106	2	5
2	1	106	2	6
2	1	106	2	11
2	1	106	3	3	2
2	1	107	1	1
2	1	107	1	7
2	1	107	1	9
2	1	107	1	12
2	1	107	1	13
2	1	107	1	14
2	1	107	2	3
2	1	107	2	4
2	1	107	2	5
2	1	107	2	6
2	1	107	2	-1
2	1	107	6	1	4
2	1	108	1	12
2	1	108	1	13
2	1	108	1	14
2	1	108	1	1
2	1	108	1	2
2	1	108	2	7
2	1	108	2	9
2	1	108	2	3
2	1	108	2	11
2	1	108	2	4
2	1	108	2	5
2	1	108	5	3	3
2	1	109	1	1
2	1	109	1	2
2	1	109	2	3
2	1	109	2	4
2	1	109	2	5
2	1	109	2	6
2	1	109	2	7
2	1	109	2	11
2	1	109	2	4	2
2	1	110	1	1
2	1	110	1	2
2	1	110	1	7
2	1	110	1	14
2	1	110	1	11
2	1	110	1	5
2	1	110	2	3
2	1	110	2	4
2	1	110	2	12
2	1	110	2	6
2	1	110	2	13
2	1	110	2	8
2	1	110	5	2	5
2	1	111	1	1
2	1	111	1	2
2	1	111	1	14
2	1	111	1	7
2	1	111	1	12
2	1	111	1	13
2	1	111	2	3
2	1	111	2	4
2	1	111	2	5
2	1	111	2	6
2	1	111	2	8
2	1	111	2	11
2	1	111	5	4	3
2	1	112	1	1
2	1	112	1	2
2	1	112	1	8
2	1	112	1	11
2	1	112	2	3
2	1	112	2	4
2	1	112	2	5
2	1	112	2	6
2	1	112	2	7
2	1	112	3	1	5
2	1	113	1	1
2	1	113	1	2
2	1	113	1	7
2	1	113	1	9
2	1	113	1	13
2	1	113	2	3
2	1	113	2	4
2	1	113	2	5
2	1	113	2	6
2	1	113	2	11
2	1	113	2	14
2	1	113	6	3	2
2	1	114	1	1
2	1	114	1	2
2	1	114	1	7
2	1	114	1	3
2	1	114	1	5
2	1	114	2	13
2	1	114	2	8
2	1	114	2	-1
2	1	114	2	6
2	1	114	2	11
2	1	114	2	-1
2	1	114	3	4	4
2	1	115	1	1
2	1	115	1	2
2	1	115	1	7
2	1	115	1	9
2	1	115	1	12
2	1	115	1	13
2	1	115	2	3
2	1	115	2	4
2	1	115	2	5
2	1	115	2	6
2	1	115	2	11
2	1	115	2	14
2	1	115	6	4	2
2	1	116	1	1
2	1	116	1	2
2	1	116	1	8
2	1	116	1	12
2	1	116	2	3
2	1	116	2	4
2	1	116	2	5
2	1	116	2	6
2	1	116	2	11
2	1	116	2	7
2	1	116	3	3	4
2	1	117	1	1
2	1	117	1	2
2	1	117	1	12
2	1	117	1	13
2	1	117	1	14
2	1	117	1	8
2	1	117	2	3
2	1	117	2	4
2	1	117	2	5
2	1	117	2	6
2	1	117	2	11
2	1	117	2	7
2	1	117	6	2	4
2	1	118	1	1
2	1	118	1	2
2	1	118	2	3
2	1	118	2	4
2	1	118	2	5
2	1	118	2	6
2	1	118	2	1	3
2	1	119	1	14
2	1	119	1	12
2	1	119	1	13
2	1	119	1	2
2	1	119	1	1
2	1	119	1	6
2	1	119	2	5
2	1	119	2	4
2	1	119	2	3
2	1	119	2	7
2	1	119	2	11
2	1	119	2	8
2	1	119	5	2	5
2	1	120	1	-1
2	1	120	1	2
2	1	120	1	-1
2	1	120	2	3
2	1	120	2	6
2	1	120	2	5
2	1	120	2	7
2	1	120	2	8
2	1	120	2	-1
2	1	120	3	3	3
2	1	121	1	1
2	1	121	1	2
2	1	121	1	11
2	1	121	1	13
2	1	121	2	3
2	1	121	2	4
2	1	121	2	5
2	1	121	2	6
2	1	121	2	7
2	1	121	2	8
2	1	121	3	3	4
2	1	122	1	1
2	1	122	1	12
2	1	122	2	13
2	1	122	2	14
2	1	122	2	5
2	1	122	2	3
2	1	122	2	9
2	1	122	2	7
2	1	122	2	4	2
2	1	123	1	1
2	1	123	1	2
2	1	123	1	7
2	1	123	1	12
2	1	123	1	13
2	1	123	1	14
2	1	123	2	3
2	1	123	2	4
2	1	123	2	5
2	1	123	2	6
2	1	123	2	8
2	1	123	2	11
2	1	123	6	2	4
2	1	124	1	1
2	1	124	1	2
2	1	124	1	12
2	1	124	1	3
2	1	124	1	14
2	1	124	2	7
2	1	124	2	4
2	1	124	2	5
2	1	124	2	6
2	1	124	2	8
2	1	124	2	13
2	1	124	4	6	1
2	1	125	1	-1
2	1	125	1	-1
2	1	125	1	9
2	1	125	1	7
2	1	125	1	-1
2	1	125	1	1
2	1	125	2	3
2	1	125	2	4
2	1	125	2	5
2	1	125	2	6
2	1	125	2	11
2	1	125	6	1	4
2	1	126	1	1
2	1	126	2	3
2	1	126	2	4
2	1	126	2	5
2	1	126	2	6
2	1	126	2	7
2	1	126	1	1	4
2	1	127	2	4
2	1	127	2	10
2	1	127	2	7
2	1	127	2	12
2	1	127	2	13
2	1	127	2	14
2	1	127	0	2	4
2	1	128	1	1
2	1	128	1	2
2	1	128	1	9
2	1	128	1	13
2	1	128	2	11
2	1	128	2	12
2	1	128	2	5
2	1	128	2	6
2	1	128	2	14
2	1	128	2	7
2	1	128	4	5	1
2	1	129	1	1
2	1	129	1	2
2	1	129	2	3
2	1	129	2	4
2	1	129	2	5
2	1	129	2	6
2	1	129	2	1	3
2	1	130	1	1
2	1	130	1	9
2	1	130	1	2
2	1	130	1	12
2	1	130	1	14
2	1	130	2	3
2	1	130	2	7
2	1	130	2	11
2	1	130	2	6
2	1	130	2	4
2	1	130	2	13
2	1	130	5	2	4
2	1	131	1	1
2	1	131	1	2
2	1	131	1	8
2	1	131	1	12
2	1	131	1	13
2	1	131	1	14
2	1	131	2	3
2	1	131	2	4
2	1	131	2	5
2	1	131	2	6
2	1	131	2	7
2	1	131	2	11
2	1	131	5	4	3
2	1	132	1	1
2	1	132	1	2
2	1	132	1	8
2	1	132	1	14
2	1	132	1	12
2	1	132	1	13
2	1	132	2	4
2	1	132	2	6
2	1	132	2	7
2	1	132	2	11
2	1	132	2	3
2	1	132	5	3	3
2	1	133	1	1
2	1	133	1	2
2	1	133	1	7
2	1	133	1	12
2	1	133	1	14
2	1	133	1	4
2	1	133	2	3
2	1	133	2	9
2	1	133	2	5
2	1	133	2	6
2	1	133	2	11
2	1	133	2	13
2	1	133	5	3	4
2	1	134	1	1
2	1	134	1	2
2	1	134	2	3
2	1	134	2	4
2	1	134	2	5
2	1	134	2	6
2	1	134	2	1	3
2	1	135	1	1
2	1	135	1	2
2	1	135	1	6
2	1	135	1	3
2	1	135	2	4
2	1	135	2	9
2	1	135	2	5
2	1	135	2	-1
2	1	135	2	7
2	1	135	2	11
2	1	135	2	5	3
2	1	136	1	1
2	1	136	1	2
2	1	136	1	11
2	1	136	1	12
2	1	136	1	13
2	1	136	1	6
2	1	136	2	3
2	1	136	2	4
2	1	136	2	5
2	1	136	2	7
2	1	136	2	9
2	1	136	2	14
2	1	136	4	2	6
2	1	137	1	1
2	1	137	1	2
2	1	137	1	8
2	1	137	2	7
2	1	137	2	13
2	1	137	2	5
2	1	137	2	3
2	1	137	2	11
2	1	137	2	-1
2	1	137	3	2	4
2	1	138	1	1
2	1	138	1	2
2	1	138	1	11
2	1	138	2	3
2	1	138	2	4
2	1	138	2	5
2	1	138	2	6
2	1	138	2	9
2	1	138	2	7
2	1	138	2	3	4
2	1	139	1	1
2	1	139	1	2
2	1	139	1	12
2	1	139	1	-1
2	1	139	2	3
2	1	139	2	4
2	1	139	2	5
2	1	139	2	6
2	1	139	2	7
2	1	139	2	13
2	1	139	3	2	5
2	1	140	1	1
2	1	140	1	2
2	1	140	1	4
2	1	140	2	8
2	1	140	2	12
2	1	140	2	5
2	1	140	2	6
2	1	140	2	7
2	1	140	2	11
2	1	140	2	0	7
2	1	141	1	1
2	1	141	1	2
2	1	141	1	12
2	1	141	1	13
2	1	141	1	14
2	1	141	2	3
2	1	141	2	7
2	1	141	2	5
2	1	141	2	6
2	1	141	2	11
2	1	141	2	8
2	1	141	5	2	4
2	1	142	1	1
2	1	142	1	2
2	1	142	1	12
2	1	142	1	13
2	1	142	1	6
2	1	142	2	5
2	1	142	2	4
2	1	142	2	11
2	1	142	2	7
2	1	142	2	3
2	1	142	2	14
2	1	142	4	2	5
2	1	143	1	1
2	1	143	1	2
2	1	143	1	9
2	1	143	1	12
2	1	143	1	13
2	1	143	1	14
2	1	143	2	3
2	1	143	2	4
2	1	143	2	5
2	1	143	2	6
2	1	143	2	7
2	1	143	2	11
2	1	143	6	1	5
2	1	144	1	1
2	1	144	1	2
2	1	144	1	13
2	1	144	2	3
2	1	144	2	4
2	1	144	2	5
2	1	144	2	6
2	1	144	2	7
2	1	144	2	12
2	1	144	3	3	3
2	1	145	1	1
2	1	145	1	2
2	1	145	1	12
2	1	145	2	3
2	1	145	2	4
2	1	145	2	5
2	1	145	2	6
2	1	145	2	11
2	1	145	2	7
2	1	145	3	2	4
2	1	146	1	1
2	1	146	1	2
2	1	146	1	13
2	1	146	1	10
2	1	146	1	8
2	1	146	1	14
2	1	146	2	11
2	1	146	2	6
2	1	146	2	5
2	1	146	2	3
2	1	146	2	7
2	1	146	2	4
2	1	146	6	4	2
2	1	147	2	1
2	1	147	2	7
2	1	147	2	-1
2	1	147	2	4
2	1	147	2	8
2	1	147	2	-1
2	1	147	2	2	2
2	1	148	1	1
2	1	148	1	2
2	1	148	1	12
2	1	148	1	13
2	1	148	1	14
2	1	148	2	3
2	1	148	2	4
2	1	148	2	5
2	1	148	2	6
2	1	148	2	7
2	1	148	2	8
2	1	148	5	2	4
2	1	149	1	1
2	1	149	1	2
2	1	149	1	7
2	1	149	1	-1
2	1	149	1	-1
2	1	149	1	-1
2	1	149	2	3
2	1	149	2	5
2	1	149	2	6
2	1	149	2	11
2	1	149	2	4
2	1	149	6	3	2
2	1	150	1	1
2	1	150	1	2
2	1	150	1	8
2	1	150	1	12
2	1	150	1	13
2	1	150	2	3
2	1	150	2	4
2	1	150	2	5
2	1	150	2	6
2	1	150	2	7
2	1	150	2	11
2	1	150	5	1	5
2	1	151	1	1
2	1	151	1	2
2	1	151	1	7
2	1	151	1	8
2	1	151	1	12
2	1	151	1	13
2	1	151	2	3
2	1	151	2	4
2	1	151	2	5
2	1	151	2	6
2	1	151	2	14
2	1	151	2	11
2	1	151	6	2	4
2	1	152	1	1
2	1	152	1	2
2	1	152	1	7
2	1	152	1	11
2	1	152	2	12
2	1	152	2	13
2	1	152	2	-1
2	1	152	2	6
2	1	152	3	3	2
2	1	153	1	1
2	1	153	1	2
2	1	153	2	3
2	1	153	2	4
2	1	153	2	5
2	1	153	2	6
2	1	153	2	7
2	1	153	2	3	2
2	1	154	1	1
2	1	154	1	2
2	1	154	2	3
2	1	154	2	4
2	1	154	2	5
2	1	154	2	6
2	1	154	2	1	3
2	1	155	1	1
2	1	155	1	2
2	1	155	2	3
2	1	155	2	4
2	1	155	2	5
2	1	155	2	6
2	1	155	2	1	3
2	1	156	1	1
2	1	156	1	2
2	1	156	1	14
2	1	156	2	3
2	1	156	2	4
2	1	156	2	5
2	1	156	2	6
2	1	156	2	13
2	1	156	2	12
2	1	156	2	2	5
2	1	157	1	1
2	1	157	1	2
2	1	157	2	3
2	1	157	2	4
2	1	157	2	5
2	1	157	2	6
2	1	157	2	1	3
2	1	158	1	1
2	1	158	1	2
2	1	158	1	7
2	1	158	1	12
2	1	158	1	13
2	1	158	1	14
2	1	158	2	4
2	1	158	2	5
2	1	158	2	6
2	1	158	2	11
2	1	158	2	9
2	1	158	2	3
2	1	158	6	1	5
2	1	159	1	1
2	1	159	1	2
2	1	159	2	3
2	1	159	2	4
2	1	159	2	5
2	1	159	2	6
2	1	159	2	1	3
2	1	160	1	7
2	1	160	2	12
2	1	160	2	13
2	1	160	2	11
2	1	160	2	5
2	1	160	2	6
2	1	160	1	0	5
2	1	161	1	1
2	1	161	1	2
2	1	161	2	3
2	1	161	2	4
2	1	161	2	5
2	1	161	2	6
2	1	161	2	1	3
2	1	162	1	1
2	1	162	1	2
2	1	162	1	6
2	1	162	1	12
2	1	162	1	13
2	1	162	1	14
2	1	162	2	3
2	1	162	2	4
2	1	162	2	5
2	1	162	2	8
2	1	162	2	7
2	1	162	2	11
2	1	162	5	5	2
2	1	163	1	1
2	1	163	1	2
2	1	163	1	12
2	1	163	1	13
2	1	163	1	9
2	1	163	2	3
2	1	163	2	4
2	1	163	2	5
2	1	163	2	6
2	1	163	2	7
2	1	163	2	11
2	1	163	5	1	5
2	1	164	1	1
2	1	164	1	2
2	1	164	2	3
2	1	164	2	4
2	1	164	2	5
2	1	164	2	6
2	1	164	2	7
2	1	164	2	11
2	1	164	2	2	4
2	1	165	1	1
2	1	165	1	2
2	1	165	1	3
2	1	165	1	4
2	1	165	1	8
2	1	165	1	14
2	1	165	2	5
2	1	165	2	7
2	1	165	2	11
2	1	165	2	12
2	1	165	2	13
2	1	165	2	6
2	1	165	4	6	2
2	1	166	1	1
2	1	166	1	2
2	1	166	2	3
2	1	166	2	4
2	1	166	2	5
2	1	166	2	6
2	1	166	2	1	3
2	1	167	1	1
2	1	167	1	2
2	1	167	2	3
2	1	167	2	4
2	1	167	2	5
2	1	167	2	6
2	1	167	2	-1
2	1	167	2	-1
2	1	167	2	5	1
2	1	168	1	1
2	1	168	1	2
2	1	168	1	7
2	1	168	1	8
2	1	168	1	13
2	1	168	1	14
2	1	168	2	3
2	1	168	2	4
2	1	168	2	5
2	1	168	2	6
2	1	168	2	11
2	1	168	2	12
2	1	168	6	2	4
2	1	169	1	1
2	1	169	1	2
2	1	169	2	3
2	1	169	2	4
2	1	169	2	5
2	1	169	2	6
2	1	169	2	7
2	1	169	2	2	3
2	1	170	1	1
2	1	170	1	2
2	1	170	1	12
2	1	170	1	13
2	1	170	1	14
2	1	170	1	8
2	1	170	2	3
2	1	170	2	4
2	1	170	2	5
2	1	170	2	6
2	1	170	2	7
2	1	170	2	11
2	1	170	6	2	4
2	1	171	1	1
2	1	171	1	4
2	1	171	1	5
2	1	171	1	11
2	1	171	1	12
2	1	171	1	2
2	1	171	2	8
2	1	171	2	3
2	1	171	2	6
2	1	171	2	7
2	1	171	2	13
2	1	171	2	14
2	1	171	3	4	5
2	1	172	1	7
2	1	172	1	2
2	1	172	1	12
2	1	172	1	13
2	1	172	1	14
2	1	172	1	1
2	1	172	2	3
2	1	172	2	4
2	1	172	2	5
2	1	172	2	6
2	1	172	2	11
2	1	172	2	-1
2	1	172	6	3	3
2	1	173	1	1
2	1	173	1	2
2	1	173	1	8
2	1	173	1	12
2	1	173	1	13
2	1	173	1	14
2	1	173	2	3
2	1	173	2	4
2	1	173	2	5
2	1	173	2	6
2	1	173	2	7
2	1	173	2	11
2	1	173	6	1	5
2	1	174	1	1
2	1	174	1	2
2	1	174	1	12
2	1	174	1	13
2	1	174	1	14
2	1	174	2	3
2	1	174	2	4
2	1	174	2	5
2	1	174	2	6
2	1	174	2	9
2	1	174	2	7
2	1	174	5	2	4
2	1	175	1	1
2	1	175	1	2
2	1	175	1	-1
2	1	175	1	-1
2	1	175	2	7
2	1	175	2	4
2	1	175	2	5
2	1	175	2	6
2	1	175	2	13
2	1	175	2	8
2	1	175	4	0	6
2	1	176	1	1
2	1	176	1	2
2	1	176	2	3
2	1	176	2	4
2	1	176	2	5
2	1	176	2	6
2	1	176	2	3	1
2	1	177	1	1
2	1	177	1	2
2	1	177	1	10
2	1	177	1	11
2	1	177	2	3
2	1	177	2	4
2	1	177	2	5
2	1	177	2	6
2	1	177	2	7
2	1	177	3	4	2
2	1	178	1	1
2	1	178	1	2
2	1	178	2	3
2	1	178	2	4
2	1	178	2	5
2	1	178	2	6
2	1	178	2	1	3
2	1	179	1	1
2	1	179	1	2
2	1	179	1	7
2	1	179	2	3
2	1	179	2	4
2	1	179	2	5
2	1	179	2	6
2	1	179	2	11
2	1	179	2	13
2	1	179	3	1	5
2	1	180	1	1
2	1	180	1	2
2	1	180	2	3
2	1	180	2	4
2	1	180	2	5
2	1	180	2	6
2	1	180	2	3	1
2	1	181	1	1
2	1	181	1	7
2	1	181	1	2
2	1	181	1	13
2	1	181	2	12
2	1	181	2	14
2	1	181	2	5
2	1	181	2	4
2	1	181	2	6
2	1	181	4	0	5
2	1	182	1	1
2	1	182	1	2
2	1	182	2	3
2	1	182	2	4
2	1	182	2	5
2	1	182	2	6
2	1	182	2	3	1
2	1	183	1	1
2	1	183	1	2
2	1	183	1	-1
2	1	183	1	9
2	1	183	1	13
2	1	183	1	14
2	1	183	2	4
2	1	183	2	5
2	1	183	2	6
2	1	183	2	12
2	1	183	2	3
2	1	183	2	11
2	1	183	6	4	2
2	1	184	1	1
2	1	184	1	2
2	1	184	2	3
2	1	184	2	4
2	1	184	2	5
2	1	184	2	6
2	1	184	2	1	3
2	1	185	1	1
2	1	185	1	2
2	1	185	1	9
2	1	185	1	-1
2	1	185	1	-1
2	1	185	2	3
2	1	185	2	4
2	1	185	2	5
2	1	185	2	6
2	1	185	2	7
2	1	185	2	14
2	1	185	5	3	3
2	1	186	1	1
2	1	186	1	2
2	1	186	1	7
2	1	186	1	8
2	1	186	1	12
2	1	186	2	3
2	1	186	2	4
2	1	186	2	5
2	1	186	2	6
2	1	186	2	13
2	1	186	2	11
2	1	186	5	4	2
2	1	187	1	1
2	1	187	1	2
2	1	187	2	3
2	1	187	2	4
2	1	187	2	5
2	1	187	2	6
2	1	187	2	3	1
2	1	188	1	1
2	1	188	1	2
2	1	188	1	11
2	1	188	2	7
2	1	188	2	3
2	1	188	2	4
2	1	188	2	5
2	1	188	2	6
2	1	188	2	2	4
2	1	189	1	1
2	1	189	1	2
2	1	189	1	12
2	1	189	1	13
2	1	189	1	14
2	1	189	1	11
2	1	189	2	4
2	1	189	2	5
2	1	189	2	6
2	1	189	2	7
2	1	189	2	8
2	1	189	4	6	1
2	1	190	1	1
2	1	190	1	2
2	1	190	1	7
2	1	190	1	11
2	1	190	1	12
2	1	190	1	13
2	1	190	2	3
2	1	190	2	-1
2	1	190	2	4
2	1	190	2	5
2	1	190	2	6
2	1	190	4	3	4
2	1	191	1	1
2	1	191	1	4
2	1	191	1	7
2	1	191	2	8
2	1	191	2	5
2	1	191	2	6
2	1	191	2	12
2	1	191	2	13
2	1	191	2	14
2	1	191	2	6	1
2	1	192	1	1
2	1	192	1	2
2	1	192	1	8
2	1	192	1	12
2	1	192	1	13
2	1	192	1	14
2	1	192	2	3
2	1	192	2	4
2	1	192	2	5
2	1	192	2	6
2	1	192	2	7
2	1	192	2	11
2	1	192	6	1	5
2	1	193	1	1
2	1	193	1	2
2	1	193	1	7
2	1	193	2	4
2	1	193	2	5
2	1	193	2	6
2	1	193	2	11
2	1	193	2	8
2	1	193	3	0	5
2	1	194	1	1
2	1	194	1	6
2	1	194	2	3
2	1	194	2	4
2	1	194	2	7
2	1	194	2	2
2	1	194	2	5
2	1	194	2	11
2	1	194	2	1	5
2	1	195	1	1
2	1	195	1	2
2	1	195	1	13
2	1	195	1	14
2	1	195	1	12
2	1	195	1	3
2	1	195	2	7
2	1	195	2	4
2	1	195	2	5
2	1	195	2	6
2	1	195	2	11
2	1	195	2	9
2	1	195	5	3	4
2	1	196	1	1
2	1	196	1	2
2	1	196	1	13
2	1	196	1	5
2	1	196	1	12
2	1	196	1	7
2	1	196	2	3
2	1	196	2	4
2	1	196	2	6
2	1	196	2	9
2	1	196	2	11
2	1	196	2	14
2	1	196	5	4	3
2	1	197	1	1
2	1	197	1	2
2	1	197	1	9
2	1	197	1	12
2	1	197	1	13
2	1	197	1	14
2	1	197	2	7
2	1	197	2	4
2	1	197	2	5
2	1	197	2	6
2	1	197	2	11
2	1	197	2	3
2	1	197	6	2	4
2	1	198	1	1
2	1	198	1	2
2	1	198	2	3
2	1	198	2	4
2	1	198	2	5
2	1	198	2	6
2	1	198	2	1	3
2	1	199	1	1
2	1	199	1	2
2	1	199	1	13
2	1	199	2	3
2	1	199	2	4
2	1	199	2	5
2	1	199	2	6
2	1	199	2	8
2	1	199	2	12
2	1	199	3	1	5
2	1	200	1	1
2	1	200	1	2
2	1	200	1	9
2	1	200	1	12
2	1	200	1	13
2	1	200	1	14
2	1	200	2	3
2	1	200	2	4
2	1	200	2	5
2	1	200	2	6
2	1	200	2	11
2	1	200	2	7
2	1	200	6	2	4
2	1	201	1	1
2	1	201	1	11
2	1	201	1	7
2	1	201	1	2
2	1	201	1	12
2	1	201	1	13
2	1	201	2	3
2	1	201	2	4
2	1	201	2	5
2	1	201	2	6
2	1	201	6	1	3
2	1	202	1	7
2	1	202	1	-1
2	1	202	1	4
2	1	202	1	13
2	1	202	1	5
2	1	202	2	2
2	1	202	2	12
2	1	202	2	6
2	1	202	2	10
2	1	202	2	3
2	1	202	3	3	4
2	1	203	1	7
2	1	203	1	12
2	1	203	1	13
2	1	203	1	14
2	1	203	2	4
2	1	203	2	5
2	1	203	2	6
2	1	203	2	3
2	1	203	2	9
2	1	203	2	11
2	1	203	4	3	3
2	1	204	1	1
2	1	204	1	2
2	1	204	1	12
2	1	204	1	13
2	1	204	1	-1
2	1	204	2	3
2	1	204	2	4
2	1	204	2	5
2	1	204	2	6
2	1	204	2	11
2	1	204	2	7
2	1	204	5	3	3
2	1	205	1	4
2	1	205	1	6
2	1	205	1	2
2	1	205	2	1
2	1	205	2	3
2	1	205	2	5
2	1	205	2	7
2	1	205	2	11
2	1	205	2	4	2
2	1	206	1	1
2	1	206	1	2
2	1	206	1	7
2	1	206	1	9
2	1	206	1	13
2	1	206	1	14
2	1	206	2	3
2	1	206	2	4
2	1	206	2	5
2	1	206	2	6
2	1	206	2	8
2	1	206	2	11
2	1	206	6	4	2
2	1	207	1	1
2	1	207	1	2
2	1	207	1	12
2	1	207	1	13
2	1	207	1	14
2	1	207	2	3
2	1	207	2	4
2	1	207	2	5
2	1	207	2	6
2	1	207	2	7
2	1	207	2	11
2	1	207	4	4	3
2	1	208	1	1
2	1	208	1	2
2	1	208	1	12
2	1	208	1	13
2	1	208	1	14
2	1	208	1	9
2	1	208	2	3
2	1	208	2	4
2	1	208	2	5
2	1	208	2	6
2	1	208	2	-1
2	1	208	2	7
2	1	208	6	1	5
2	1	209	1	1
2	1	209	1	2
2	1	209	2	3
2	1	209	2	4
2	1	209	2	5
2	1	209	2	6
2	1	209	2	3	1
2	1	210	1	1
2	1	210	1	2
2	1	210	1	7
2	1	210	1	8
2	1	210	1	11
2	1	210	1	13
2	1	210	2	3
2	1	210	2	4
2	1	210	2	5
2	1	210	2	6
2	1	210	2	12
2	1	210	2	14
2	1	210	5	5	2
2	1	211	1	1
2	1	211	1	2
2	1	211	1	7
2	1	211	1	12
2	1	211	1	13
2	1	211	1	9
2	1	211	2	3
2	1	211	2	4
2	1	211	2	5
2	1	211	2	6
2	1	211	2	14
2	1	211	2	11
2	1	211	6	4	2
2	1	212	1	1
2	1	212	1	2
2	1	212	2	3
2	1	212	2	4
2	1	212	2	5
2	1	212	2	6
2	1	212	2	1	3
2	1	213	1	1
2	1	213	1	2
2	1	213	1	14
2	1	213	1	7
2	1	213	1	10
2	1	213	2	3
2	1	213	2	4
2	1	213	2	5
2	1	213	2	6
2	1	213	2	12
2	1	213	2	13
2	1	213	5	3	3
2	1	214	1	1
2	1	214	1	2
2	1	214	2	3
2	1	214	2	4
2	1	214	2	5
2	1	214	2	6
2	1	214	2	1	3
2	1	215	1	1
2	1	215	1	12
2	1	215	1	13
2	1	215	1	14
2	1	215	2	3
2	1	215	2	4
2	1	215	2	5
2	1	215	2	9
2	1	215	2	7
2	1	215	2	11
2	1	215	4	1	5
2	1	216	1	1
2	1	216	1	2
2	1	216	1	7
2	1	216	1	12
2	1	216	1	13
2	1	216	1	14
2	1	216	2	4
2	1	216	2	5
2	1	216	2	6
2	1	216	2	11
2	1	216	2	3
2	1	216	2	9
2	1	216	6	2	4
2	1	217	1	1
2	1	217	1	2
2	1	217	1	7
2	1	217	1	12
2	1	217	1	13
2	1	217	1	14
2	1	217	2	3
2	1	217	2	4
2	1	217	2	5
2	1	217	2	6
2	1	217	2	11
2	1	217	2	9
2	1	217	6	1	5
2	1	218	1	1
2	1	218	1	2
2	1	218	1	7
2	1	218	1	13
2	1	218	1	12
2	1	218	2	3
2	1	218	2	4
2	1	218	2	5
2	1	218	2	6
2	1	218	2	8
2	1	218	2	14
2	1	218	5	2	4
2	1	219	1	1
2	1	219	1	2
2	1	219	1	7
2	1	219	1	12
2	1	219	1	13
2	1	219	1	14
2	1	219	2	3
2	1	219	2	4
2	1	219	2	5
2	1	219	2	6
2	1	219	2	11
2	1	219	2	8
2	1	219	6	1	5
2	1	220	1	1
2	1	220	1	2
2	1	220	2	3
2	1	220	2	4
2	1	220	2	5
2	1	220	2	6
2	1	220	2	1	3
2	1	221	1	12
2	1	221	1	2
2	1	221	1	8
2	1	221	1	11
2	1	221	1	13
2	1	221	2	4
2	1	221	2	5
2	1	221	2	6
2	1	221	2	7
2	1	221	2	14
2	1	221	4	4	2
2	1	222	1	1
2	1	222	1	2
2	1	222	1	12
2	1	222	1	13
2	1	222	1	7
2	1	222	2	3
2	1	222	2	4
2	1	222	2	5
2	1	222	2	11
2	1	222	2	8
2	1	222	2	14
2	1	222	4	1	6
2	1	223	1	1
2	1	223	1	2
2	1	223	1	12
2	1	223	1	9
2	1	223	1	3
2	1	223	1	5
2	1	223	2	4
2	1	223	2	13
2	1	223	2	7
2	1	223	2	14
2	1	223	2	11
2	1	223	2	6
2	1	223	3	4	5
2	1	224	1	2
2	1	224	1	7
2	1	224	1	13
2	1	224	1	14
2	1	224	2	3
2	1	224	2	4
2	1	224	2	5
2	1	224	2	6
2	1	224	2	3	3
2	1	225	1	1
2	1	225	1	2
2	1	225	2	3
2	1	225	2	4
2	1	225	2	5
2	1	225	2	6
2	1	225	2	1	3
2	1	226	1	1
2	1	226	1	2
2	1	226	1	11
2	1	226	2	3
2	1	226	2	4
2	1	226	2	5
2	1	226	2	6
2	1	226	2	7
2	1	226	2	8
2	1	226	2	1	6
2	1	227	1	1
2	1	227	1	2
2	1	227	1	8
2	1	227	1	-1
2	1	227	1	-1
2	1	227	2	3
2	1	227	2	4
2	1	227	2	5
2	1	227	2	6
2	1	227	2	7
2	1	227	2	-1
2	1	227	5	2	4
2	1	228	1	1
2	1	228	1	2
2	1	228	1	9
2	1	228	2	3
2	1	228	2	4
2	1	228	2	5
2	1	228	2	6
2	1	228	2	7
2	1	228	3	4	1
2	1	229	1	1
2	1	229	1	2
2	1	229	2	3
2	1	229	2	4
2	1	229	2	5
2	1	229	2	6
2	1	229	2	1	3
2	1	230	1	2
2	1	230	1	11
2	1	230	1	12
2	1	230	1	13
2	1	230	1	9
2	1	230	2	3
2	1	230	2	7
2	1	230	2	14
2	1	230	2	4
2	1	230	2	5
2	1	230	2	6
2	1	230	3	5	3
2	1	231	1	1
2	1	231	1	2
2	1	231	1	12
2	1	231	1	14
2	1	231	2	3
2	1	231	2	4
2	1	231	2	5
2	1	231	2	7
2	1	231	2	13
2	1	231	2	6
2	1	231	4	2	4
2	1	232	1	1
2	1	232	1	2
2	1	232	1	14
2	1	232	1	6
2	1	232	1	13
2	1	232	2	3
2	1	232	2	4
2	1	232	2	5
2	1	232	2	7
2	1	232	2	12
2	1	232	5	2	3
2	1	233	1	1
2	1	233	1	2
2	1	233	1	6
2	1	233	1	11
2	1	233	1	13
2	1	233	1	3
2	1	233	2	14
2	1	233	2	4
2	1	233	2	12
2	1	233	2	5
2	1	233	2	7
2	1	233	2	8
2	1	233	5	4	3
2	1	234	1	2
2	1	234	1	7
2	1	234	1	9
2	1	234	1	12
2	1	234	1	13
2	1	234	1	14
2	1	234	2	3
2	1	234	2	4
2	1	234	2	5
2	1	234	2	6
2	1	234	2	11
2	1	234	6	3	2
2	1	235	1	1
2	1	235	1	2
2	1	235	1	5
2	1	235	1	4
2	1	235	1	14
2	1	235	2	3
2	1	235	2	10
2	1	235	2	13
2	1	235	2	6
2	1	235	2	7
2	1	235	2	12
2	1	235	3	1	7
2	1	236	1	1
2	1	236	1	2
2	1	236	1	12
2	1	236	1	9
2	1	236	2	3
2	1	236	2	4
2	1	236	2	5
2	1	236	2	6
2	1	236	2	7
2	1	236	2	-1
2	1	236	4	4	2
2	1	237	1	1
2	1	237	1	2
2	1	237	1	7
2	1	237	1	8
2	1	237	1	12
2	1	237	1	13
2	1	237	2	4
2	1	237	2	5
2	1	237	2	6
2	1	237	2	14
2	1	237	2	3
2	1	237	2	11
2	1	237	6	4	2
2	1	238	1	1
2	1	238	1	2
2	1	238	1	7
2	1	238	1	12
2	1	238	1	8
2	1	238	1	13
2	1	238	2	3
2	1	238	2	4
2	1	238	2	5
2	1	238	2	6
2	1	238	2	11
2	1	238	2	14
2	1	238	6	1	5
2	1	239	1	9
2	1	239	1	14
2	1	239	1	13
2	1	239	1	1
2	1	239	1	2
2	1	239	1	5
2	1	239	2	7
2	1	239	2	3
2	1	239	2	12
2	1	239	2	4
2	1	239	2	11
2	1	239	2	6
2	1	239	5	2	5
2	1	240	1	1
2	1	240	1	2
2	1	240	1	13
2	1	240	1	8
2	1	240	1	12
2	1	240	1	14
2	1	240	2	3
2	1	240	2	4
2	1	240	2	5
2	1	240	2	6
2	1	240	2	11
2	1	240	2	7
2	1	240	6	4	2
2	1	241	1	1
2	1	241	1	2
2	1	241	1	8
2	1	241	1	13
2	1	241	1	14
2	1	241	2	7
2	1	241	2	4
2	1	241	2	5
2	1	241	2	6
2	1	241	2	3
2	1	241	2	12
2	1	241	5	2	4
2	1	242	1	1
2	1	242	1	2
2	1	242	1	-1
2	1	242	1	-1
2	1	242	1	-1
2	1	242	1	9
2	1	242	2	3
2	1	242	2	4
2	1	242	2	5
2	1	242	2	6
2	1	242	2	11
2	1	242	2	7
2	1	242	6	2	4
2	1	243	1	1
2	1	243	1	2
2	1	243	1	7
2	1	243	1	8
2	1	243	1	12
2	1	243	1	13
2	1	243	2	3
2	1	243	2	4
2	1	243	2	5
2	1	243	2	6
2	1	243	2	11
2	1	243	2	14
2	1	243	6	1	5
2	1	244	1	1
2	1	244	1	2
2	1	244	1	7
2	1	244	1	8
2	1	244	1	12
2	1	244	2	4
2	1	244	2	5
2	1	244	2	6
2	1	244	2	11
2	1	244	2	13
2	1	244	2	14
2	1	244	5	0	6
2	1	245	1	1
2	1	245	1	2
2	1	245	1	-1
2	1	245	1	13
2	1	245	1	14
2	1	245	1	9
2	1	245	2	3
2	1	245	2	4
2	1	245	2	5
2	1	245	2	6
2	1	245	2	7
2	1	245	2	11
2	1	245	6	1	5
2	1	246	1	1
2	1	246	1	2
2	1	246	1	7
2	1	246	2	3
2	1	246	2	4
2	1	246	2	5
2	1	246	2	6
2	1	246	2	8
2	1	246	2	-1
2	1	246	4	1	4
2	1	247	1	1
2	1	247	1	2
2	1	247	2	3
2	1	247	2	4
2	1	247	2	5
2	1	247	2	6
2	1	247	2	1	3
2	1	248	1	1
2	1	248	1	2
2	1	248	1	8
2	1	248	1	12
2	1	248	1	14
2	1	248	2	3
2	1	248	2	4
2	1	248	2	5
2	1	248	2	6
2	1	248	2	7
2	1	248	2	13
2	1	248	5	3	3
2	1	249	1	1
2	1	249	1	2
2	1	249	2	3
2	1	249	2	4
2	1	249	2	5
2	1	249	2	6
2	1	249	2	1	3
2	1	250	1	1
2	1	250	1	2
2	1	250	1	-1
2	1	250	1	-1
2	1	250	1	-1
2	1	250	1	6
2	1	250	2	3
2	1	250	2	4
2	1	250	2	5
2	1	250	2	11
2	1	250	2	7
2	1	250	6	3	2
2	1	251	1	1
2	1	251	1	2
2	1	251	1	-1
2	1	251	1	3
2	1	251	1	-1
2	1	251	2	-1
2	1	251	2	4
2	1	251	2	5
2	1	251	2	6
2	1	251	2	7
2	1	251	2	5	3
2	1	252	1	1
2	1	252	1	2
2	1	252	1	4
2	1	252	1	5
2	1	252	2	3
2	1	252	2	7
2	1	252	2	8
2	1	252	2	12
2	1	252	2	13
2	1	252	2	14
2	1	252	6	2	2
2	1	253	1	1
2	1	253	1	2
2	1	253	1	11
2	1	253	1	6
2	1	253	1	5
2	1	253	1	-1
2	1	253	2	3
2	1	253	2	4
2	1	253	2	12
2	1	253	2	7
2	1	253	2	13
2	1	253	2	8
2	1	253	3	7	2
2	1	254	1	1
2	1	254	1	2
2	1	254	1	3
2	1	254	1	13
2	1	254	1	10
2	1	254	1	14
2	1	254	2	8
2	1	254	2	4
2	1	254	2	5
2	1	254	2	6
2	1	254	2	11
2	1	254	2	7
2	1	254	5	1	6
2	1	255	1	1
2	1	255	1	2
2	1	255	1	7
2	1	255	1	12
2	1	255	1	3
2	1	255	1	11
2	1	255	2	9
2	1	255	2	4
2	1	255	2	5
2	1	255	2	6
2	1	255	2	14
2	1	255	2	13
2	1	255	4	6	2
2	1	256	1	1
2	1	256	1	12
2	1	256	1	4
2	1	256	1	2
2	1	256	1	13
2	1	256	1	14
2	1	256	2	5
2	1	256	2	7
2	1	256	2	9
2	1	256	5	3	1
2	1	257	1	1
2	1	257	1	2
2	1	257	1	3
2	1	257	1	5
2	1	257	2	4
2	1	257	2	6
2	1	257	2	7
2	1	257	4	0	3
2	1	258	1	1
2	1	258	1	2
2	1	258	1	8
2	1	258	1	12
2	1	258	2	3
2	1	258	2	4
2	1	258	2	5
2	1	258	2	6
2	1	258	2	7
2	1	258	2	-1
2	1	258	4	4	2
2	1	259	1	1
2	1	259	1	2
2	1	259	2	-1
2	1	259	2	4
2	1	259	2	11
2	1	259	2	8
2	1	259	2	7
2	1	259	2	-1
2	1	259	4	2	2
2	1	260	1	2
2	1	260	1	1
2	1	260	1	13
2	1	260	1	14
2	1	260	2	7
2	1	260	2	4
2	1	260	2	5
2	1	260	2	6
2	1	260	2	10
2	1	260	2	12
2	1	260	4	6	0
2	1	261	1	1
2	1	261	1	2
2	1	261	1	7
2	1	261	1	12
2	1	261	1	13
2	1	261	1	14
2	1	261	2	3
2	1	261	2	4
2	1	261	2	5
2	1	261	2	6
2	1	261	2	8
2	1	261	6	1	4
2	1	262	1	1
2	1	262	1	2
2	1	262	1	7
2	1	262	1	8
2	1	262	1	12
2	1	262	1	13
2	1	262	2	3
2	1	262	2	4
2	1	262	2	5
2	1	262	2	6
2	1	262	2	11
2	1	262	2	14
2	1	262	7	1	4
2	1	263	1	1
2	1	263	1	2
2	1	263	2	3
2	1	263	2	4
2	1	263	2	5
2	1	263	2	6
2	1	263	2	1	3
2	1	264	1	1
2	1	264	1	2
2	1	264	2	3
2	1	264	2	4
2	1	264	2	5
2	1	264	2	6
2	1	264	2	3	1
2	1	265	1	1
2	1	265	1	2
2	1	265	1	7
2	1	265	1	12
2	1	265	1	13
2	1	265	2	4
2	1	265	2	5
2	1	265	2	6
2	1	265	2	11
2	1	265	2	14
2	1	265	5	4	1
2	1	266	1	1
2	1	266	1	2
2	1	266	1	8
2	1	266	1	7
2	1	266	1	13
2	1	266	2	3
2	1	266	2	4
2	1	266	2	5
2	1	266	2	6
2	1	266	2	12
2	1	266	2	14
2	1	266	5	3	3
2	1	267	1	4
2	1	267	1	2
2	1	267	1	3
2	1	267	1	6
2	1	267	1	13
2	1	267	2	1
2	1	267	2	12
2	1	267	2	5
2	1	267	2	14
2	1	267	2	7
2	1	267	2	11
2	1	267	2	2	7
2	1	268	1	1
2	1	268	1	2
2	1	268	1	8
2	1	268	1	-1
2	1	268	1	-1
2	1	268	1	-1
2	1	268	2	3
2	1	268	2	4
2	1	268	2	5
2	1	268	2	6
2	1	268	2	7
2	1	268	2	11
2	1	268	6	3	3
2	1	269	1	1
2	1	269	1	2
2	1	269	1	12
2	1	269	1	13
2	1	269	1	14
2	1	269	1	7
2	1	269	2	3
2	1	269	2	4
2	1	269	2	5
2	1	269	2	6
2	1	269	3	4	3
2	1	270	1	1
2	1	270	1	2
2	1	270	2	3
2	1	270	2	4
2	1	270	2	5
2	1	270	2	6
2	1	270	2	1	3
2	1	271	1	1
2	1	271	1	2
2	1	271	1	7
2	1	271	1	13
2	1	271	1	11
2	1	271	1	14
2	1	271	2	3
2	1	271	2	4
2	1	271	2	8
2	1	271	2	6
2	1	271	2	5
2	1	271	2	12
2	1	271	4	5	3
2	1	272	1	1
2	1	272	1	2
2	1	272	1	7
2	1	272	1	9
2	1	272	2	3
2	1	272	2	4
2	1	272	2	5
2	1	272	2	6
2	1	272	2	12
2	1	272	2	13
2	1	272	4	4	2
2	1	273	1	1
2	1	273	1	2
2	1	273	1	12
2	1	273	1	13
2	1	273	1	7
2	1	273	2	3
2	1	273	2	4
2	1	273	2	5
2	1	273	2	6
2	1	273	2	14
2	1	273	2	11
2	1	273	5	4	2
2	1	274	1	1
2	1	274	1	2
2	1	274	2	3
2	1	274	2	4
2	1	274	2	5
2	1	274	2	1	2
2	1	275	1	1
2	1	275	1	2
2	1	275	1	7
2	1	275	1	8
2	1	275	1	11
2	1	275	1	14
2	1	275	2	3
2	1	275	2	4
2	1	275	2	5
2	1	275	2	6
2	1	275	2	12
2	1	275	2	13
2	1	275	3	3	6
2	1	276	1	1
2	1	276	1	2
2	1	276	1	7
2	1	276	1	13
2	1	276	2	14
2	1	276	2	4
2	1	276	2	5
2	1	276	2	6
2	1	276	2	8
2	1	276	4	0	5
2	1	277	1	1
2	1	277	1	2
2	1	277	1	4
2	1	277	1	5
2	1	277	1	6
2	1	277	1	7
2	1	277	2	3
2	1	277	2	-1
2	1	277	2	9
2	1	277	2	11
2	1	277	2	12
2	1	277	2	13
2	1	277	2	2	8
2	1	278	1	1
2	1	278	1	2
2	1	278	2	3
2	1	278	2	4
2	1	278	2	5
2	1	278	2	6
2	1	278	2	3	1
2	1	279	1	1
2	1	279	1	2
2	1	279	2	3
2	1	279	2	4
2	1	279	2	5
2	1	279	2	6
2	1	279	2	1	3
2	1	280	1	1
2	1	280	1	2
2	1	280	1	7
2	1	280	1	11
2	1	280	1	14
2	1	280	1	8
2	1	280	2	3
2	1	280	2	4
2	1	280	2	5
2	1	280	2	6
2	1	280	2	12
2	1	280	2	13
2	1	280	5	5	2
2	1	281	1	1
2	1	281	1	2
2	1	281	2	3
2	1	281	2	4
2	1	281	2	5
2	1	281	2	8
2	1	281	2	7
2	1	281	2	11
2	1	281	2	2	4
2	1	282	1	7
2	1	282	1	12
2	1	282	1	13
2	1	282	1	8
2	1	282	1	1
2	1	282	1	2
2	1	282	2	4
2	1	282	2	5
2	1	282	2	6
2	1	282	2	3
2	1	282	2	11
2	1	282	2	14
2	1	282	6	3	3
2	1	283	1	1
2	1	283	1	2
2	1	283	1	13
2	1	283	1	14
2	1	283	1	11
2	1	283	1	12
2	1	283	2	3
2	1	283	2	4
2	1	283	2	5
2	1	283	2	6
2	1	283	2	7
2	1	283	2	9
2	1	283	3	4	5
2	1	284	1	1
2	1	284	1	2
2	1	284	1	7
2	1	284	1	12
2	1	284	1	13
2	1	284	1	8
2	1	284	2	3
2	1	284	2	4
2	1	284	2	5
2	1	284	2	6
2	1	284	2	11
2	1	284	2	14
2	1	284	6	1	5
2	1	285	0	0	0
2	1	286	1	1
2	1	286	1	2
2	1	286	1	13
2	1	286	1	14
2	1	286	2	12
2	1	286	2	4
2	1	286	2	5
2	1	286	2	6
2	1	286	2	7
2	1	286	2	9
2	1	286	4	0	6
2	1	287	1	1
2	1	287	1	2
2	1	287	1	9
2	1	287	1	12
2	1	287	1	13
2	1	287	1	14
2	1	287	2	3
2	1	287	2	4
2	1	287	2	5
2	1	287	2	6
2	1	287	2	7
2	1	287	6	4	1
2	1	288	1	1
2	1	288	1	2
2	1	288	1	7
2	1	288	1	8
2	1	288	1	12
2	1	288	1	13
2	1	288	2	3
2	1	288	2	4
2	1	288	2	5
2	1	288	2	6
2	1	288	2	11
2	1	288	2	14
2	1	288	6	1	5
2	1	289	1	1
2	1	289	1	2
2	1	289	1	12
2	1	289	1	13
2	1	289	1	14
2	1	289	1	8
2	1	289	2	3
2	1	289	2	4
2	1	289	2	5
2	1	289	2	6
2	1	289	2	7
2	1	289	2	11
2	1	289	6	1	5
2	1	290	1	1
2	1	290	1	2
2	1	290	2	3
2	1	290	2	4
2	1	290	2	5
2	1	290	2	6
2	1	290	2	1	3
2	1	291	1	1
2	1	291	1	2
2	1	291	2	3
2	1	291	2	4
2	1	291	2	5
2	1	291	2	6
2	1	291	2	3	1
2	1	292	1	1
2	1	292	1	2
2	1	292	2	3
2	1	292	2	4
2	1	292	2	5
2	1	292	2	6
2	1	292	2	1	3
2	1	293	1	1
2	1	293	1	2
2	1	293	2	3
2	1	293	2	4
2	1	293	2	5
2	1	293	2	6
2	1	293	2	1	3
2	1	294	1	1
2	1	294	1	2
2	1	294	2	3
2	1	294	2	4
2	1	294	2	5
2	1	294	2	6
2	1	294	2	1	3
2	1	295	1	1
2	1	295	1	2
2	1	295	2	3
2	1	295	2	4
2	1	295	2	5
2	1	295	2	6
2	1	295	2	1	3
2	1	296	1	1
2	1	296	1	2
2	1	296	2	3
2	1	296	2	4
2	1	296	2	5
2	1	296	2	6
2	1	296	2	3	1
2	1	297	1	1
2	1	297	1	2
2	1	297	2	3
2	1	297	2	4
2	1	297	2	5
2	1	297	2	6
2	1	297	2	1	3
2	1	298	1	1
2	1	298	1	2
2	1	298	2	3
2	1	298	2	4
2	1	298	2	5
2	1	298	2	6
2	1	298	2	1	3
2	1	299	1	1
2	1	299	1	2
2	1	299	2	3
2	1	299	2	4
2	1	299	2	5
2	1	299	2	6
2	1	299	2	3	1
2	1	300	1	1
2	1	300	1	2
2	1	300	2	3
2	1	300	2	4
2	1	300	2	5
2	1	300	2	6
2	1	300	2	1	3
2	1	301	1	1
2	1	301	1	2
2	1	301	2	3
2	1	301	2	4
2	1	301	2	5
2	1	301	2	6
2	1	301	2	1	3
2	1	302	1	1
2	1	302	1	2
2	1	302	2	3
2	1	302	2	4
2	1	302	2	5
2	1	302	2	6
2	1	302	2	1	3
2	1	303	1	1
2	1	303	1	2
2	1	303	2	3
2	1	303	2	4
2	1	303	2	5
2	1	303	2	6
2	1	303	2	1	3
2	1	304	1	1
2	1	304	1	2
2	1	304	2	3
2	1	304	2	4
2	1	304	2	5
2	1	304	2	6
2	1	304	2	1	3
2	1	305	1	1
2	1	305	1	2
2	1	305	2	3
2	1	305	2	4
2	1	305	2	5
2	1	305	2	6
2	1	305	2	1	3
