result_no	generate_no	block_no	e_no	
3	0	1	293
3	0	1	286
3	0	1	74
3	0	1	258
3	0	1	268
3	0	1	118
3	0	1	136
3	0	1	187
3	0	1	179
3	0	1	261
3	0	1	252
3	0	1	276
3	0	1	277
3	0	1	193
3	0	1	274
3	0	1	216
3	0	1	250
3	0	1	76
3	0	1	47
3	0	1	77
3	0	2	295
3	0	2	203
3	0	2	205
3	0	2	64
3	0	2	198
3	0	2	55
3	0	2	42
3	0	2	57
3	0	2	69
3	0	2	114
3	0	2	40
3	0	2	244
3	0	2	172
3	0	2	243
3	0	2	245
3	0	2	21
3	0	2	248
3	0	2	31
3	0	2	183
3	0	2	105
3	0	3	300
3	0	3	259
3	0	3	102
3	0	3	308
3	0	3	257
3	0	3	152
3	0	3	36
3	0	3	271
3	0	3	9
3	0	3	233
3	0	3	246
3	0	3	24
3	0	3	212
3	0	3	219
3	0	3	84
3	0	3	170
3	0	3	298
3	0	3	278
3	0	3	304
3	0	3	82
3	0	4	106
3	0	4	154
3	0	4	284
3	0	4	143
3	0	4	144
3	0	4	1
3	0	4	186
3	0	4	12
3	0	4	63
3	0	4	122
3	0	4	72
3	0	4	52
3	0	4	110
3	0	4	111
3	0	4	161
3	0	4	91
3	0	4	124
3	0	4	61
3	0	4	11
3	0	4	3
3	0	4	35
3	0	4	101
3	0	4	229
3	0	5	103
3	0	5	263
3	0	5	166
3	0	5	88
3	0	5	46
3	0	5	66
3	0	5	126
3	0	5	22
3	0	5	50
3	0	5	247
3	0	5	163
3	0	5	236
3	0	5	137
3	0	5	195
3	0	5	140
3	0	5	2
3	0	5	185
3	0	5	168
3	0	5	209
3	0	5	188
3	0	6	86
3	0	6	54
3	0	6	291
3	0	6	223
3	0	6	199
3	0	6	232
3	0	6	180
3	0	6	48
3	0	6	241
3	0	6	123
3	0	6	119
3	0	6	270
3	0	6	208
3	0	6	211
3	0	6	301
3	0	6	145
3	0	6	215
3	0	6	217
3	0	6	279
3	0	6	151
3	0	7	160
3	0	7	37
3	0	7	93
3	0	7	230
3	0	7	309
3	0	7	155
3	0	7	94
3	0	7	41
3	0	7	15
3	0	7	175
3	0	7	296
3	0	7	132
3	0	7	16
3	0	7	148
3	0	7	19
3	0	7	129
3	0	7	266
3	0	7	305
3	0	7	5
3	0	7	289
3	0	7	75
3	0	7	253
3	0	7	254
3	0	8	192
3	0	8	78
3	0	8	49
3	0	8	310
3	0	8	249
3	0	8	171
3	0	8	107
3	0	8	89
3	0	8	29
3	0	8	142
3	0	8	146
3	0	8	141
3	0	8	23
3	0	8	200
3	0	8	25
3	0	8	292
3	0	8	290
3	0	8	67
3	0	8	282
3	0	8	34
3	0	9	95
3	0	9	158
3	0	9	262
3	0	9	239
3	0	9	272
3	0	9	147
3	0	9	131
3	0	9	201
3	0	9	222
3	0	9	116
3	0	9	225
3	0	9	165
3	0	9	43
3	0	9	80
3	0	9	20
3	0	9	33
3	0	9	264
3	0	9	56
3	0	9	182
3	0	9	234
3	0	10	38
3	0	10	224
3	0	10	138
3	0	10	174
3	0	10	104
3	0	10	117
3	0	10	27
3	0	10	98
3	0	10	115
3	0	10	177
3	0	10	128
3	0	10	112
3	0	10	125
3	0	10	108
3	0	10	167
3	0	10	53
3	0	10	204
3	0	10	283
3	0	10	255
3	0	10	231
3	0	11	153
3	0	11	235
3	0	11	156
3	0	11	59
3	0	11	87
3	0	11	302
3	0	11	134
3	0	11	306
3	0	11	6
3	0	11	162
3	0	11	190
3	0	11	120
3	0	11	127
3	0	11	206
3	0	11	210
3	0	11	269
3	0	11	297
3	0	12	14
3	0	12	92
3	0	12	280
3	0	12	30
3	0	12	68
3	0	12	287
3	0	12	139
3	0	12	58
3	0	12	221
3	0	12	150
3	0	12	130
3	0	12	260
3	0	12	189
3	0	12	242
3	0	12	240
3	0	12	100
3	0	12	70
3	0	12	294
3	0	12	218
3	0	12	62
3	0	12	71
3	0	13	4
3	0	13	238
3	0	13	251
3	0	13	133
3	0	13	273
3	0	13	85
3	0	13	121
3	0	13	44
3	0	13	96
3	0	13	265
3	0	13	113
3	0	13	8
3	0	13	109
3	0	13	164
3	0	13	213
3	0	13	173
3	0	13	184
3	0	13	303
3	0	13	13
3	0	13	45
3	0	14	90
3	0	14	28
3	0	14	228
3	0	14	39
3	0	14	97
3	0	14	181
3	0	14	135
3	0	14	65
3	0	14	169
3	0	14	17
3	0	14	226
3	0	14	202
3	0	14	307
3	0	14	83
3	0	14	196
3	0	14	288
3	0	14	237
3	0	14	311
3	0	14	73
3	0	14	227
3	0	15	79
3	0	15	267
3	0	15	18
3	0	15	32
3	0	15	149
3	0	15	7
3	0	15	197
3	0	15	299
3	0	15	214
3	0	15	176
3	0	15	191
3	0	15	256
3	0	15	81
3	0	15	194
3	0	15	157
3	0	15	60
3	0	15	281
3	0	15	51
3	0	15	275
3	0	15	285
3	0	15	207
3	0	15	178
